{
  "$schema": "http://json.schemastore.org/template",
  "author": "Vincent Simone",
  "classifications": [
    "Web",
    "WebAPI"
  ],
  "identity": "template.Service",
  "name": "Scor Service Template",
  "shortName": "scorservice",
  "tags": {
    "language": "C#",
    "type": "project"
  },
  "sourceName": "template.Service",
  "preferNameDirectory": true,
  "symbols": {
    "dbcontext": {
      "type": "parameter",
      "defaultValue": "MyDbContext",
      "replaces": "dbcontext"
    },
    "connectionstring": {
      "type": "parameter",
      "defaultValue": "LocalConnection",
      "replaces": "connectionName"
    },
    "appname": {
      "type": "parameter",
      "defaultValue": "MyApp",
      "replaces": "appName"
    },    
    "httpport": {
      "type": "parameter",
      "defaultValue": "5000",
      "replaces": "httpPort"
    },    
    "httpsport": {
      "type": "parameter",
      "defaultValue": "5001",
      "replaces": "httpsPort"
    }
  }
}