{
  "$schema": "http://json.schemastore.org/template",
  "author": "Vincent Simone",
  "classifications": [
    "Common",
    "Code"
  ],
  "identity": "vscommand",
  "name": "Command Handler Template",
  "shortName": "scorcommand",
  "tags": {
    "language": "C#",
    "type": "item"
  },
  "sourceName": "MyCommand",
  "symbols": {
    "namespace": {
      "type": "parameter",
      "defaultValue": "MyNamespace",
      "replaces": "MyNamespace"
    },
    "commandtype": {
      "type": "parameter",
      "defaultValue": "Unit",
      "replaces": "MyCommandType"
    },
    "dbservice": {
      "type": "parameter",
      "defaultValue": "IDatabaseService",
      "replaces": "MyDBService"
    }
  }
}