{
  "$schema": "http://json.schemastore.org/template",
  "author": "Vincent Simone",
  "classifications": [
    "Common",
    "Code"
  ],
  "identity": "query",
  "name": "Query Handler Template",
  "shortName": "scorquery",
  "tags": {
    "language": "C#",
    "type": "item"
  },
  "sourceName": "MyQuery",
  "symbols": {
    "namespace": {
      "type": "parameter",
      "defaultValue": "MyNamespace",
      "replaces": "MyNamespace"
    },
    "querytype": {
      "type": "parameter",
      "defaultValue": "List<string>",
      "replaces": "MyQueryType"
    },
    "dbservice": {
      "type": "parameter",
      "defaultValue": "IDatabaseService",
      "replaces": "MyDBService"
    }
  }
}