{
    "$schema": "http://json.schemastore.org/template",
    "author": "Vincent Simone",
    "classifications": [
        "Web",
        "SPA"
    ],
    "identity": " template.mfetemplate",
    "name": "SCOR Angular 11 Template",
    "shortName": "scormfetemplate",
    "tags": {
        "language": "C#",
        "type": "project"
    },
    "sourceName": "template.mfetemplate",
    "symbols": {       
        "appname": {
          "type": "parameter",
          "defaultValue": "MyApp",
          "replaces": "mfetemplate"
        },    
        "httpport": {
          "type": "parameter",
          "defaultValue": "5000",
          "replaces": "httpPort"
        },    
        "httpsport": {
          "type": "parameter",
          "defaultValue": "5001",
          "replaces": "httpsPort"
        }
    },
    "preferNameDirectory": true
}